sku_base,cols_sz
05070660,"Grey marl#812#S,M|Beige marl#720#S,M,L,XL|Light sand#752#S,M,L,XL"
08073259,"camel#704#XS,S,M"
03046328,"Black#800#XS,L,XL|Beige#450#S,M,L,XL|Ecru#712#XS,S,M,L"
08073270,Leopard#051#M
03046060,"Black#800#XS,S,M"
02753334,Black#800#L
03046274,"Grey#802#XS,S,M,L|Ecru#712#XS,S,M,L"
07484522,"Black#800#XS,S,M,XL"
03046028,"Beige#710#XS,S,M"
09575985,Black#800#M
04174866,"Dark grey#922#S,M,L|Black#800#S,M,L|Ice#805#S,M,L"
08073227,"Black#800#XS,S,M"
04341763,"Grey green#916#XS,S,M,L"
02193105,"Multicoloured#330#XS,S,M,L,XL"
09646606,"Black#800#S,M"
05584656,Black#800#L
00264737,"Black#800#S,XL|Burgundy#681#S,M"
05584694,Black#800#S
08741261,"Black#800#S,M"
09857071,"Green / Grass#550#XS,S,M,L"
00387157,"Black#800#XS,S,M"
09216240,Ecru / Black#070#XL
05039408,"Black / Sand#085#S,M"
03300542,Oyster-white#251#M
08949179,"Multicoloured#330#XS,S,L"
09977185,"Black#800#XS,S,M"
09799617,"Dark red#641#XS,S,M,L,XL"
05039807,"Brown#700#S,L"
08815399,Aubergine#610#M
08611459,"Light burgundy#685#XS|Ecru#712#XS,XL|Black#800#XS,S"
02016782,"Black#800#XS,S"
02045100,Burgundy#681#M
05029158,"Raspberry#671#XS,S,M,L"
09196070,"Brown#700#XS,S,L"
09146092,Red#600#L
09483262,"Black#800#XS,S"
08741076,"Black#800#XS,S,M,XL"
05584675,"Black#800#S,M"
09649617,"Black#800#S,M,L"
03067390,"Dark brown#716#XS,S,M,L"
05029163,Ecru#712#S
04770669,"Black#800#S,M|Chocolate#717#S,M"
00858464,"Black#800#S,M,L|Brown#700#S,M,L|Burgundy#606#S,M"
05584671,"Ecru#712#M|Black#800#S,M|Lime#520#S,L"
09935279,"Multicoloured#330#XS,S"
09745628,Silver#808#S
02180258,"Tobacco#705#XS,S,M"
08452662,Silver#808#S
08227214,Ecru#712#S
03666175,Multicoloured#330#L
05039626,"Mid-green#527#S|Brown#700#L|Black#800#S,M,L"
03152304,"Maroon#791#XS,S,M,L,XL"
02183246,"Black#800#S,M,L,XL"
05644995,"Dark brown#716#S|Black#800#S,M"
04764282,"Black#800#XS,M"
03067290,"Black#800#XS,S,M,L,XL"
02017572,"Bottle green#501#XS,S,L"
09228617,"Pale pink#622#XS,S,M"
09953617,"Black#800#XS,S"
09280071,Midnight blue#490#S
02298654,Ecru#712#M
03152243,"Dark brown#716#XS,S"
05039802,Green#500#M
06962231,"Anthracite grey#807#S,L,XL"
04174670,"Charcoal#822#XS,M,L|Chalk pink#626#S"
09315118,"Bluish#920#XS,M,L,XL"
02678246,"Grey marl#803#XS,S,M,L,XL"
02731297,"Black#800#XS,S,M,L"
00264736,"Russet#670#S,M,L"
03471108,GREEN#914#M
08741267,"Red#600#XS,S,M"
05536165,Stripes#105#S
09305252,Ecru / Green#069#XS
09189133,"Black / White#084#XS,S,M,L,XL"
09121262,"Black#800#XS,S,M,L,XL"
08922366,"Cobalt#829#XS,S,M,XL"
03067251,"Dark orange#642#XS,S,M,L"
03067253,"Dark tan#709#XS,S,M,L,XL"
03046323,"Aubergine#610#XS,S,M,XL"
05063848,"Chocolate#717#S,M,L"
05029159,"Multicoloured#330#XS,M"
00779064,"Blue#400#XS,S"
03152222,"Black#800#XS,S,M,L"
04938112,Brown#700#S
09662617,"Black#800#S,M|Blue green#903#L"
09927617,Dark khaki#507#S
09645609,"Black#800#XS,S,M,L,XL"
09371617,"Mid-green#527#S,M"
01165513,"Blue / Green#445#S,M"
01058458,Blue grey#819#S
02157225,"Light beige#721#XS,S,M"
04813841,"Black#800#S,M,L"
05039388,"Brown#700#S,M|Black#800#M"
01058467,"mink brown#472#S,M|Grey marl#803#S,M,L|Black#800#S"
05039813,"Leopard#051#S,M,L"
00264670,"Duck blue#442#S,M|Black#800#S"
00085633,Russet#670#S
00858800,"Olive green#515#S,M"
09333331,"Dark pink#664#XS,S,M"
03152320,"White#250#XS,S,M"
05039397,"Light brown#730#S,M"
02034610,"Grey#802#XS,S,M"
03152233,"Charcoal grey#818#XS,S,L"
07969223,"Blue#407#XS,S,M,L,XL"
02731298,"Black#800#XS,S,M,L,XL"
03152249,"Black#800#XS,S,M,L"
02157254,"Black#800#XS,S,M,L,XL"
09965281,"Green / Blue#518#XS,S,M,XL"
09920948,"Black#800#XS,S,M,L,XL"
05252281,Navy blue#401#XS
05644940,"Green#500#S,M,L"
03067210,"Black#800#XS,S,M,L"
09482262,"Black#800#XS,S,M,L"
09139222,Multicoloured#330#M
03067237,"Black#800#XS,S"
08841460,"Black#800#XS,S|Red#600#XS,S"
08625548,"Black#800#S,M"
02142176,Navy blue#401#XS
09580072,"Black#800#XS,S,M,XL"
09145276,"Multicoloured#330#XS,S,M,L"
05063840,"Dark grey#922#S,M,L"
09783594,"Black#800#S,M,L"
09667592,"Black / Silver#033#XS,S,M,L"
03067380,"Dark burgundy#684#XS,S,M,L"
09668581,"pink gold#870#XS,S,M,XL"
05063823,"Black#800#S,M,L"
09665838,Black#800#XS
00881353,Black#800#XS
04043185,"Black#800#S,M"
09565976,"Black#800#XS,S,M,L"
02298183,"Multicoloured#330#XS,S,M"
09763072,"Black#800#L,XL"
09878160,"Red#600#XS,S,M"
09588620,"Black#800#XS,S,L"
09310255,Multicoloured#330#M
08686635,"Black#800#S,M,L|Black / White#084#S,M|Brown / Ecru#087#S"
05070633,White#250#XS
00264534,"Black#800#S,M,L"
05039279,Zebra#037#S
04772381,"Moss green#502#XS,S,M|Black#800#S"
04333243,"Burgundy#681#S,M,L"
02142269,"Navy blue#401#XS,M,L,XL"
08795653,"Ecru#712#XS,S,M"
08653754,Pink#620#S
00106620,"Black#800#XS,M,L"
09598230,"Navy blue#401#S,M"
09251949,"Black#800#XS,S"
09281463,"Brown#700#S,M,L"
03897166,Multicoloured#330#L
03897165,"Black#800#XS,S,M"
08372323,"Khaki#505#XS,M"
08818528,"Ecru#712#S,M,L"
00881372,Oyster-white#251#XS
03067220,"Black#800#XS,S,M,L,XL"
05584697,"Black#800#S|Burgundy#681#S,M|Ecru#712#XS,S,M"
05039393,"Brown#700#M,L|Black#800#S,M,L|Dark anthracite#898#S,M,L"
09128560,"Maroon#605#M,L"
04764245,"Ivory#741#XS,S,L,XL|Black#800#XS,S,M,L"
01058940,"Black#800#M,L,XL|Light sand#752#S,M"
00264530,"Burgundy#681#S|Brown#700#S,M|Black#800#S,M,L"
03736263,"Grey#802#XS,S,M,XL"
05070628,"Black#800#M,L"
09882604,"Beige-pink#942#XS,S,M,L"
02731308,"Black#800#XS,S,M,L,XL"
08246249,"Blue#407#XS,M"
09532552,Black#800#XS
03067230,"Black#800#XS,S,M,L"
04764287,"Black#800#S,M,L,XL"
03859126,"Black#800#XS,S,L"
02142201,White#250#L
01889157,"Mid-blue#427#XS,S,M,L,XL"
09860188,"Black#800#XS,S,M,L,XL"
00089617,"Black#800#XS,S,M,L,XL"
02180226,Dark brown#716#M
09388072,Mid-camel#756#M
04764271,"Brown#700#XS,S,M,L"
00264533,"Black#800#S,M,L"
04772268,Petrol blue#409#L
08351238,"Black / Ecru#093#S,M,XL"
04764264,"Pink#926#XS,S,M"
04387243,Black#800#XS
04387249,Black#800#XS
03653006,"Grey marl#812#XS,S,M"
05063822,"Silver#808#S,M,L"
01165931,"Golden#303#S,M,L|Black#800#S,M,L"
05063859,"Black#800#S,M,L"
05644934,"Dark anthracite#898#S,M,L|brown vigore#719#M|Beige marl#720#S,M"
02142140,Navy blue#401#S
04772244,"Black#800#XS,S,M,L,XL"
05536207,"Dark anthracite#898#XS,S,M"
08372263,"Black#800#XS,S,L"
00050134,"Blue#400#XS,S,M"
09895631,"Black#800#XS,S,M,L,XL"
06050402,"Dark anthracite#898#S,M,L"
00264870,Grey / Beige#814#S
05039396,Dark burgundy#684#S
01165538,"Black#800#XS,S,M"
09363307,"Navy blue#401#XS,S,M,L,XL"
04043273,White#250#XS
09119556,Green#500#L
09145227,Multicoloured#330#M
09063587,"Pearl grey#804#XS,S,M,L,XL"
09057777,"Black#800#L,XL"
03641861,"Black#800#S,M|Beige#710#S,M,L"
02142210,"Pink#620#XS,S,M,L,XL"
06929282,Dark indigo#443#L
03641837,"Light green#912#S,M,L|Black#800#S,M,L|Pastel pink#621#S,M,L"
05029701,"Black / White#084#XS,S"
02731261,"Grey marl#812#XS,S,M"
06929281,"Dark indigo#443#XS,S"
00387059,mid khaki#533#XL
04437254,"Khaki#505#XS|Black#800#XS,S,M,L,XL"
08045571,Black#800#M
01067622,"White#250#XS,S,M,L"
07969233,Black#800#XL
04770451,Brown / Taupe#737#S
08462896,"Olive green#515#XS,S,M,L"
05029165,"Olive green#515#XS,S,M,L"
03897160,"Black#800#XS,S,M,L"
03992484,Charcoal grey#818#M
07969229,"Black#800#XS,L,XL"
07969228,Black#800#L
08287896,"Ecru#712#XS,S,M,L,XL"
08372090,"Black#800#M,L"
08404164,"Green / Grass#550#XS,L"
08313266,Black#800#XS
08211759,"Oyster-white#251#XS,S"
04333242,"Dark khaki#507#XS,S,M,L"
09304459,"Black#800#XS,S,M,L,XL"
02731301,Black#800#XS
00051569,"Black / White#084#S,L"
09956936,"Black#800#XS,S,M"
05584670,"Black#800#S,M"
09362321,"Black#800#XS,M,L,XL"
09172620,"Black#800#S,M,L"
05584686,Black#800#S
00264646,Black#800#S
04938113,"Black / White#084#S,M,L"
02678243,"Black#800#XS,S,M,L,XL"
01044626,"Black#800#XS,S,XL"
01165481,Black#800#M
04437256,Black#800#XS
08634599,"Black#800#L,XL"
09486613,"Black#800#XS,S"
09486627,"Black / Silver#033#XS,S,M,L,XL"
03046988,"Black#800#XL|Light khaki#506#XS,S,L"
09378597,"Black#800#XS,S,L,XL"
08967558,Black / Silver#033#XL
01689299,"charcoal grey#823#XS,S,M,L,XL"
09134131,"Black / White#084#S,M"
08616595,"Black#800#XS,XL"
02753234,"Black#800#XS,S,M"
03046356,"Black#800#S,L"
01255753,"Black#800#XS,S,M,L,XL"
09161114,"Black / White#064#XS,S,M"
07522257,Grey#802#XS
08073245,Ecru#712#S
01255853,"Navy blue#401#XS,S,M,L,XL"
04749867,"Black#800#XS,S"
09234726,Ecru#712#L
08902436,Black#800#XS
01478326,"Navy blue#401#XS,S,M,XL"
02010703,Light petrol blue#435#S
04749803,"Black#800#S,M,L"
05427780,"Chocolate brown#753#S,L"
02010775,"Grey#802#XS,S,M,L,XL"
00264868,"Dark navy#422#S,M,L|Black#800#S,M,L"
05039337,"Leopard#051#S,M"
09657617,"Black#800#XS,L"
05039322,Brown / Taupe#737#M
03905108,Black#800#M
03905637,"Brick#701#S,M,L|White#250#S,M,L"
04813840,"Black#800#S,M"
05584680,Pale pink#622#S
03519110,"Black#800#S,M,L"
02142112,Navy blue#401#S
04192015,"Navy blue#401#S,M,XL|Burgundy#606#S,M,L|Brown#700#S,M,L"
03653104,"Red#600#XS,S,M,L"
02142177,"Blue / Grey#485#S,M,XL"
03471024,"Red#600#M,XL"
03920174,"Khaki#505#S,M"
02893145,"Blue#400#S,M,L,XL"
03920198,"Black#800#S,M,L"
03920190,"Green#500#XS,S,L"
09598150,"Aubergine#610#S,M,L|Mid-grey#809#S,M,L"
00264875,"Grey#802#S,M,L,XL"
03433006,striped#104#S
05536173,Navy blue#401#S
03920158,"Burgundy#606#S,M,L"
08851109,"Brown#700#L,XL"
06427100,"Mid-ecru#715#S,M,L"
03991123,"Grey#802#XS,S"
03653013,"Black#800#XS,S,M,L|Brown#700#XS,S,M,L|Blue#400#XS,S,M,L"
03920162,Brown#700#M
02893132,"Grey green#916#S,M"
08851007,"White#250#L,XL|Orange#615#S,M,L,XL"
08851008,"Navy blue#401#L,XL"
03519007,"Chalk pink#626#S,M,L"
03991040,"Ecru#712#S,M,L"
05536115,"Burgundy#681#L|Dark navy#422#S,M,L|Grey#802#S,M,L"
04331102,"Light green#526#M|Navy blue#401#M,L"
03920122,Red#600#S
04938100,"Lemon yellow#320#XS,S"
05584664,"Black#800#S,M,L"
06427116,Golden#303#S
05536101,"Sand / Marl#081#S,M,L"
03644328,"Dark burgundy#684#S,M,L|Pistachio#511#L"
00085870,"Black#800#M,L"
09676399,"Beige-pink#942#L,XL"
05039666,"Brown / Ecru#087#S,M"
02175105,"Multicoloured#330#XS,S,M,L,XL"
03897163,"Magenta#123#XS,S,M,L,XL"
08876019,"Red#600#XS,S,M,L|Black#800#XS,S,M"
08544207,"Ecru#712#S,M"
05039398,"blue/black#030#S,M"
01821021,"Black#800#S,L"
06895259,"Black#800#XS,S,M"
09374572,"Black#800#XS,XL"
09520209,"Black#800#M,XL"
08351227,"Ecru#712#XS,S,M,L,XL"
03897068,"Ecru#712#XS,S,M,L,XL"
09273235,Ecru / Black#070#M
05235241,"Ecru#712#XS,S,M,L,XL"
05029175,"Ecru#712#XS,S,M"
05227240,"Black#800#XS,S,M,L,XL"
05039407,"Black / Sand#085#S,L"
09075301,"MARSALA#172#XS,S,L"
02298182,"Multicoloured#330#M,L"
04387240,"White#250#M,L,XL"
06962222,Blue#407#S
04786259,White#250#M
02298157,Pink / White#046#L
04786257,Oyster-white#251#S
09258572,"Oyster-white#251#XS,S,M,L"
08502580,"White#250#S,L,XL|Black#800#XS,S,M"
08862319,Ecru#712#XS
08741273,Ecru#712#XL
09699255,"White#250#S,M,L"
00881111,"Ecru#712#S,L"
04387036,"White#250#XS,S,M,L,XL"
04786277,"White#250#XS,M,L,XL|Black#800#XS,S,M"
02298173,"Ecru#712#XS,S"
08372495,Ecru#712#M
08873534,White#250#XS
08372320,"White#250#S,M,L"
08372225,"Oyster-white#251#XS,S"
08372060,"White#250#XS,S,M,L,XL"
04764140,"White#250#S,M,XL"
00028572,"Oyster-white#251#XS,S,M,L"
05770028,"Ecru#712#XS,M"
07484162,"Ecru#712#XS,S"
08857334,"Ecru#712#S,M,XL"
04877100,Oyster-white#251#XS
08733002,White#250#XL
08738501,"White / Maroon#062#XS,S,M,L,XL"
00881110,"White#250#XS,S,M,L"
08411475,"White#250#XS,S,M"
06962228,"Ecru#712#XS,S,L"
08741243,"White#250#XS,S,M,L,XL"
02298151,Ecru#712#XS
08372307,Navy / White#043#S
04387266,"Blue#407#XS,S,M,XL"
04387096,"Midnight blue#390#XS,S,M,L,XL"
09878134,"Ecru / Green#069#M,L"
08926551,"Green / Ecru#098#S,XL|Blue/White#044#S,M,XL"
08741036,"Cava#307#S,M"
02157237,"Light blue#406#XS,S,M,XL"
04786283,"Black#800#XS,S,M,L"
09328283,"Blue/White#044#XS,L"
05029171,"Multicoloured#330#S,M,L"
05029161,"Multicoloured#330#M,L"
09887284,Multicoloured#330#M
02587159,"Multicoloured#330#S,M"
09766321,"Ecru / Beige#075#S,M"
03666174,Black / Ecru#093#XL
09400254,Multicoloured#330#XS
09191095,Brown#700#M
09113199,"Multicoloured#330#XS,S,M,L,XL"
09030213,"Multicoloured#330#XS,S,M,L,XL"
08925171,Ecru / Beige#075#S
00881109,blue/black#030#XS
02138748,"Black#800#XS,S,M,L"
08987213,"Burgundy#681#XS,S,M,L,XL"
07969237,Pearl grey#804#M
08613373,"Light pink#644#M,XL"
08924399,Cobalt#829#M
03666162,"Black#800#M,L"
02298168,"Pearl grey#804#XS,M,L"
09929132,"Black#800#XS,S,M,L,XL"
03641845,"Brown#700#S,M,L|Black#800#S,M,L|Ecru#712#S,M,L"
01608225,"Black#800#XS,S,M,L,XL"
08899616,"Black#800#S,M,XL"
02286642,"Black#800#S|Khaki#505#XS,S,M,L,XL|Ecru#712#S"
03152521,"Black#800#S,M,XL"
05039377,"Beige marl#720#S,M,L|Anthracite grey#807#S,M,L|Burgundy#681#S|Green marl#524#S,M,L"
02008572,"Bottle green#501#XS,M"
01478137,"Oyster-white#251#S,M,L,XL"
06050841,GREEN#914#M
03455892,"Mid-camel#756#XS,S,M,L"
09929224,Oyster-white#251#XL
01165232,"Black#800#XS,S,M,L,XL"
04387226,"Black#800#S,M,L"
01255410,"Ecru#712#XS,S,M,L,XL"
02753236,"Black#800#XS,M"
08372375,"Black#800#XS,S,M"
01478162,"Light beige#052#XS,S,M,L"
04387228,Blue#400#L
04745222,"Black#800#S,M"
03641860,"Ecru#712#L|Grey#802#S,M"
09929049,Cava#307#M
03581041,"Black#800#EU 34 (UK 6),EU 36 (UK 8),EU 38 (UK 10),EU 40 (UK 12),EU 42 (UK 14),EU 44 (UK 16)"
01478231,"Mid-grey#809#M,L"
09929334,"Dark grey#922#XS,S,M,L"
04387262,Black#800#L
09359846,"Grey#802#XS,S,M,XL"
01608431,"camel#707#XS,S,M,L,XL|Anthracite grey#807#XS,S,M,L,XL"
08372417,"Black#800#XS,M,XL"
01608226,Khaki#505#M
08646186,Black#800#S
09381597,"Black#800#XS,M,L"
09633199,Burgundy#681#L
07149266,Red#600#XS|Black#800#XL
02753023,"camel#704#S,M,L"
04387220,"Ecru#712#XS,S,M,L,XL"
08372245,"Ecru#712#S,M,L|Dark grey#922#XS,S,M,L,XL"
03811252,Black#800#S
01478425,"Black#800#S,L,XL|Indigo#405#S,M,L,XL|Mid-grey#809#S,M,L,XL"
04174843,"Black#800#S,M|Red#600#S,M|Oyster-white#251#L|Brown#700#S"
06050800,"Black#800#S,M,L|White#250#S,M,L|Navy blue#401#S,M,L"
02335646,"Charcoal#822#XS,S,M,L,XL|Sand#711#M,L,XL|Light blue#406#S,M,L,XL|Dusty pink#676#XS,S,M"
04174031,"Black#800#XS,M"
04174831,"Grey marl#803#S,L"
04174961,"Ecru#712#S,M,L|Charcoal#822#S,M,L,XL|Blue#407#S,M,L,XL"
00264858,"Oyster-white#251#S,M,L"
05584812,"Pastel pink#621#S,M,L,XL|Ecru#712#S,M"
07484422,"Black#800#XS,S,M,L"
01131856,"Burgundy#681#S,M,L"
07149290,"Burgundy#681#XS,S,M,L,XL|Black#800#S,M,L,XL|Greyish#826#S,L"
00264677,"Black#800#M,L|Grey#802#S,M,L,XL"
05520214,"Oyster-white#251#EU 34 (UK 6),EU 36 (UK 8),EU 38 (UK 10),EU 40 (UK 12),EU 42 (UK 14),EU 44 (UK 16)"
05039667,"Brown / Ecru#087#M|Black#800#S,M|Black / White#084#M"
03644157,"charcoal grey#823#M,L|Tan marl#723#M,L"
04043286,"Black#800#S,L"
00264163,"Black#800#S,M|Beige#710#S,M,L|Leopard#051#S,M"
05039639,Green#500#L|Beige#450#S
07563280,"Brown#700#XS,M|Black#800#XS,S,M,L"
07997272,Ecru#712#XL
04786290,"Navy blue#401#XS,S,L,XL|Black#800#XS,S,M,L,XL"
02335654,Charcoal#822#M
03644628,"Tan marl#723#S,M,L|Ecru#712#S,M,L|charcoal grey#823#L"
03641878,"Ecru#712#S,L|Dark grey#922#S,M"
04391450,Black#800#M
01255552,Black#800#S
04387279,"Black#800#XS,S,M,L,XL"
04043047,"Ecru#712#XS,S,M,L,XL"
06050837,"Leopard#051#S,M"
07484033,Light grey#811#L
01165515,"Blue / Green#445#S,M,L"
01608234,"Blue / Grey#485#XS,M,L,XL"
04877101,"Oyster-white#251#XS,S,M,L,XL"
00779159,"Khaki#505#S,M,L,XL"
02753224,"Sand#711#XS,M,XL"
07149270,Midnight blue#490#S
09332570,Sand#711#S
02257330,"Ecru#712#EU 36 (UK 8),EU 38 (UK 10)|Mid-camel#756#EU 34 (UK 6),EU 36 (UK 8),EU 38 (UK 10),EU 42 (UK 14)"
09929138,"Black#800#XS,S,M,L|Khaki#505#XS,S,M,L"
01478262,"striped#104#XS,S,L,XL"
07149243,"Black#800#S,M,L"
01255510,"Brown#700#S,M,L,XL"
04387026,"Black#800#XS,S,M,L,XL"
01478644,"Black#800#XS,S,M,L,XL"
03152517,Black#800#XS
05039278,"Ecru#712#M|Black#800#S,L"
09479272,"Khaki#505#XS,S,M,L,XL|Black#800#XS,S,M,L,XL"
07563290,"Brown#700#XS,S,M,L,XL|Black#800#XS,S,M,L"
08741357,"Light grey#811#XS,S,M,L|Mid-grey#809#XS,S,M,L|Navy blue#401#XS,S,M,L"
03641857,"Dark red#641#L|White#250#S,M|Black#800#S,M|Navy blue#401#S,M,L"
04174841,"White#250#S|Chalk pink#626#S,M"
02335169,"White#250#S,L|Black#800#M|Sand#711#M"
04174678,"Black#800#XS,S,M|Burgundy#681#XS,S,M,L|Chocolate#717#XS,S|White#250#XS,S,M,L"
03253322,"White#250#S|Black#800#S,M|Khaki#505#S|Red Stripe#944#S,M|striped#104#S,M|Pink#620#S|Grey marl#803#M,L"
03253325,"striped#104#S|Khaki#505#S,M|White#250#S,M,L|Black#800#S,M,L"
04424809,"White#250#S,M,L|Ochre#703#S,M,L|Mid-blue#427#L|Black#800#S,M,L|Burgundy#606#S,M,L|striped#104#S|Ecru#712#S,M,L"
04174011,"White#250#L|Black#800#L,XL"
03905531,"Black#800#S,M|Ecru#712#S,M|Leopard#042#S,M,L|White#250#S,M,L"
03253310,"Chalk pink#626#S,M,L|Grey#802#M,L|Light mink#736#S,M|White#250#S,M,L"
02335153,"White#250#XS,S,M|Black#800#M"
04174158,"White#250#S,M,L|Red Stripe#944#M,L|striped#104#S,L|Black#800#S,M"
04174178,"Black / White#084#XS,S,M,L|Black#800#M|White#250#S,M"
04174164,"White#250#S,M,L,XL|Black#800#S,M,L|Red#600#S,M,L"
04174173,Orange#615#L|Black#800#S
03253332,"striped#104#S,L|Beige-pink#713#S,M|Black#800#S,M,L|White#250#S,M,L"
04424811,Brown / Taupe#737#S|Black#800#S
04424802,Black#800#S|White#250#S|Light blue#406#S
04174657,"White#250#S,M|Light khaki#506#M,L|Black#800#S,M|Ochre#703#M,L,XL"
04424156,"striped#104#S,M,L,XL|White#250#S,M,L|Green#500#S,M,XL"
04424014,"White#250#XS,S,M,L"
03253323,"White#250#S,M,L|Pastel pink#621#S,M"
04424814,"Black#800#S,M,L|Burgundy#681#S,M,L|Pistachio#511#S|Oyster-white#251#S,M,L"
02335299,"White#250#XS,S,M"
03905532,"Black#800#S,M|White#250#S,M,L|Yellow#323#S,M|Ecru#712#S,M,L"
04174822,Khaki#505#S
04424805,"Dark grey#922#M|Blue / Indigo#200#S,L|Pearl grey#804#S,M,L|White#250#S,M,L"
04174168,"White#250#XS,S,M,L|Light pink#644#XS,S,M,L|Brown#700#S|Pistachio#511#M"
02335001,"White#250#S,M|Brick#701#S,M,L,XL|Black#800#S,L|Fuchsia#630#S,L"
01044163,"Black#800#S,M,L|White#250#S,M,L|Red / Coral#649#M"
04174655,"White#250#S,M,L"
04174187,"Blue#407#S,M,L|Charcoal#822#S,L|Ecru#712#S,M"
04174012,Black / White#064#L|White#250#M
03641325,Black#800#M
04424634,"Oyster-white#251#M,L|Black#800#S,M,L"
03641351,"Black#800#S|Dark brown#716#S,M,L"
02335003,"Mink#706#S,M|Wine#660#S|Black#800#S,M,L|White#250#S,M,L"
03253825,"White#250#S,M|Black#800#S,M"
04174314,"Black#800#S|Khaki#505#S,M|White#250#S,L"
04174364,"Navy blue#401#S,M,L|Yellow#300#S,M,L|Black#800#S,M,L"
04424806,Ochre#703#S|White#250#S
03253824,"Ochre#703#M|Yellow#300#S,M|White#250#S,L|Black#800#S,M,L|Blue#400#S"
04174452,Beige-pink#711#M
05644813,"Sand#711#M,L|Dark navy#422#M"
00858818,"Burgundy#681#S,M,L|Ecru#712#S,M,L|Black#800#S,M,L"
01044628,"Black#800#M,L|White#250#XS,S,L"
01165827,"Anthracite grey#807#S,M,L,XL"
01165489,"White#250#S,M,L,XL"
05643800,"Pink#620#S,L"
01165518,"Anthracite grey#807#M,L"
01165519,"Anthracite grey#807#S,M"
00085869,"Pink#620#S,M,L"
00085879,"White#250#S,M,L"
03253334,"Pastel mauve#655#S,M,L|White#250#S,M,L"
04174175,"Light yellow#306#L|White#250#S,M,L|Black#800#S,M"
01131845,"White#250#S,M,L"
00085843,"Pearl grey#804#S,M"
00085474,"White#250#S,M,L,XL"
04174451,"Olive green#515#S,M,L,XL|White#250#S,M,L,XL"
04174847,"White#250#S,M,L"
03253321,"Black#800#M,L|White#250#L"
05643809,"White#250#S,M"
05644959,"Anthracite grey#807#S,M"
00085880,"Printed#020#S,M,L"
05643807,"Anthracite grey#807#S,M,L"
01131839,Anthracite grey#807#M
05644977,"Blue#400#S,M"
01165542,"Anthracite grey#807#S,M|White#250#S,M,L"
01165675,"White#250#S,M,L"
00264856,"Grey marl#803#S,M,L"
04174835,"White#250#S,M,L"
00264643,"Silver#808#S,M,L"
05644639,"Golden#303#S,L"
00085822,"Vanilla#727#M,L"
00085816,"Pink#620#S,M"
00264464,"Golden#303#M,XL"
06050331,White#250#M
01165456,Gold#302#M
03641345,"White#250#S,M,L|Black#800#S,M"
04174703,"White#250#XS,S,M,L"
04813829,"White#250#M,L"
05644879,"White#250#S,M,L"
04770640,"White#250#S,M"
05070634,"White#250#S,M,L"
05644644,White#250#M
01165639,"White#250#S,M,L,XL"
05070636,"White#250#S,M"
05070637,"White#250#S,M,L,XL"
03519115,"Burgundy#681#XS,S,M,L,XL"
08851170,"Navy blue#401#S,M,L,XL|Black#800#S,M,L,XL|Burgundy#681#XL|Ecru#712#S,M,L,XL"
01509106,"Dark grey#922#S,M,L"
05536200,"Ecru#712#XS,S,M,L|Aubergine#610#XS,S,M,L"
05536210,"brown vigore#719#XS,S,M,L"
05755164,"Burgundy#681#S,M,L"
01509107,"Stripes#105#M,L|Grey marl#803#M,L,XL"
01509105,"Burgundy#681#S,M,L,XL|Leopard#051#S,M,L,XL|Brown#700#S,M,L,XL|Black#800#S,M,L,XL|Khaki#505#M,L,XL"
05536004,"Green#500#S,M,L"
05755146,"Burgundy#681#XS,S,M,L|Black#800#XS,S,M,L,XL|Anthracite Grey#801#XS,S,M,L,XL"
09598151,"Pink#926#S,M,L,XL"
06771134,"Brown#700#S,M,L,XL"
05039376,"Anthracite grey#807#S,M,L|Beige marl#720#S,M,L|Chocolate#717#M,L"
05536211,"Blue / Navy#073#XS,S,M,L"
01509102,"Khaki#505#S,M"
08851180,"Ecru#712#S,L,XL|Navy blue#401#S,M,XL"
02142168,"Ecru#712#XS,S,M,L,XL|Mid-grey#809#XS,S,M,L,XL|Navy blue#401#XS,S,M,XL|Brown#700#S,M,L,XL"
00264865,"SILVER UNIVERSE#827#S,M,L"
05755157,"Navy blue#401#S,M,L"
02142169,"Lime#520#M|Light grey#811#XS,S,M,L,XL"
00858641,Black#800#M
05536202,"Ecru#712#S,M,L|Grey marl#803#S,M,L,XL"
00506113,"Ecru#712#S,XL"
06771120,"Blue / Indigo#200#XS,L"
05755165,"Black#800#S,L"
02281102,"Black#800#S,M,L"
04192120,"Yellow#300#S,M,L"
00014106,"Green#500#S,L|Grey#802#S"
05536134,"Beige#450#S,L|Dark grey#922#S,M"
01509103,brown vigore#719#M
05536133,"Green#500#S,M,L|Light blue#406#S,M,L"
02142110,"Blue#400#XS,S,M,L"
05536206,"Light beige#286#M,L,XL"
05063825,"Ecru#712#S,L"
09598203,"White#250#S,M,L"
02893112,"Navy blue#401#S|Pink#620#S,L"
04770671,Ecru#712#S
01131999,"Sand#711#S,M"
00014112,"Ecru#712#S,M"
09598169,"Sand#711#S,XL"
00234102,"Ecru#712#S,M,L"
02142149,Black#800#S
03920165,Mustard#305#S
02142130,"Navy blue#401#S,M,L,XL"
08082002,Blue#400#M
02756114,"Burgundy#681#S,M,L,XL|Grey#802#S"
09598246,"Blue#407#S,M,XL"
06427144,"Burgundy#605#S,M,L,XL|Navy blue#401#S,M,L,XL|Mid-grey#809#S,M,XL"
06771131,GREEN#914#L
05536140,"Ecru / Marl#082#S,M,L"
04192137,"Grey#802#S,M,L"
06427117,"Golden#303#S,M,L,XL"
05536177,Brown#700#XS
03991109,Ecru#712#XL
02142102,Navy blue#401#M
09598201,"Burgundy#681#XL|White#250#S,XL"
09598194,Black#800#XS
08851189,"Black#800#S,M,L,XL"
05755139,Light camel#743#L
05755119,"Brown#700#S,M,L"
03471111,Navy blue#401#L
04192101,Black#800#L
05536201,"brown vigore#719#XS,S,M,L|Khaki#505#XS,L"
08851028,"Light khaki#506#S,M,XL"
00264676,"Grey#802#S,M|Black#800#S,M,L"
09598202,"White#250#S,L,XL"
05536146,Blue / Green#445#XS
05536010,Black / Ecru#093#M
03519119,"Leopard#051#S,M,XL"
09598172,Mid-green#527#S
08851111,Plum#647#S
05536103,"Red#600#S,M"
03390101,"Black / White#064#S,M,L"
02756104,"Pastel pink#621#S,M,L,XL|Aubergine#610#S,M,L,XL|Green#500#S,M,L,XL"
04770639,"Black / Ecru#093#S,M,L"
05536182,"Grey marl#803#S,M,L"
09598195,"Leopard#051#XS,XL"
05536205,"Dark mink#742#S,M,L"
00085857,"Burgundy#681#S,M,L|Blue#407#S,M,L"
09598127,"Navy blue#401#S,XL"
08851188,"Black#800#M,L"
03920497,"Navy blue#401#S,M"
08851102,"Cream#733#XS,S,M,L,XL|Navy blue#401#XS,M,L,XL|Chalk pink#626#XS,S,L,XL"
00506114,"Grey marl#803#S,M,XL"
02142114,Stone#806#M
03581100,"Ecru#712#S,M,L,XL"
04331101,Ecru#712#S
04192011,"Red#600#S,M|Pink#620#S,M"
08338537,"Burgundy#681#XS,S,M,L,XL|Black#800#XS,S,M,L|Chocolate brown#753#XS,S,M,XL|Taupe grey#832#XS,S,M"
02157252,"Caramel#732#XS,S,M,L,XL"
02969268,"Burgundy#606#S,M,L,XL|Black#800#S,M,L"
02011399,"Brown#700#XS,S,M,L,XL|Burgundy#681#XS,S,M,L"
09341910,"Black#800#XS,S,M,L"
05584665,"White#250#M,L|Brick#701#S,M,L"
08372299,"Sand#711#XS,M"
04813820,"Black#800#S,M"
05584651,"Black#800#S,L"
08534396,"Black#800#XS,S,M,L"
05039379,"Mid-camel#756#S|Black#800#S,M,L|Ecru#712#S,M,L|Dark anthracite#898#S,M,L"
02548240,"Black#800#XS,S,M,XL|Aubergine#610#XS,M,L,XL"
03046332,"Aubergine#610#S,M"
03607291,"Blue#400#XS,S,L"
00387055,"Khaki#505#XS,M,L,XL"
07966872,"Ecru#712#XS,S,M,L,XL"
02011266,Leopard#051#XS
09883647,"Sand#711#XS,M"
05427534,"Mid-grey#809#XS,S,M,L"
00387057,"Ecru / Black#070#XS,S,L"
05039399,"blue/black#030#S,M"
05644946,"Sand#711#S,M"
05584345,"Blue grey#819#S,M"
05063830,"Beige#450#S,M,L"
04786302,Ecru#712#S
08702069,"Red#600#XS,S,M"
02081647,"Sand#711#XS,S"
02548169,"Multicoloured#330#XS,S,L"
03152533,Light petrol blue#435#S
09254922,"Black#800#XS,S,M"
00264460,Light ecru#959#S
07966406,"Blue#400#XS,S"
03641802,Leopard#051#S
08187375,Brown#700#M
01255402,White#250#XL
04813833,"Beige-pink#942#S,M"
08405789,Ecru#712#S
03607293,"Blue#400#XS,S,L,XL"
08372324,"Black#800#XS,L,XL"
00264538,"Toffee#745#XS,S,M"
02180536,"Anthracite grey#807#XS,S"
01255527,"Dark khaki#507#XS,S,L"
03046354,Sand#711#XS
08543627,"Black / Silver#033#XS,S,M,L"
08543613,"Black#800#XS,S,M,L,XL"
03152503,"Dark tan#709#XS,S,M,L,XL"
08905436,Black#800#XS
09379597,"Black#800#XS,S,L"
04387299,"Black#800#XS,S,M,L"
00779151,"Blue#400#XS,S,M,L,XL"
01478025,"Black#800#S,M,L"
01478225,"Black#800#XS,S,L"
01608228,"Grey#802#XS,S,M,L"
03253319,"Grey marl#803#S,M|Dark grey#922#S,M"
04813810,Multicoloured#330#S
08242603,"Navy blue#401#XS,S,M,L"
04387286,"Black#800#XS,S,L"
01608041,"Black#800#XS,S,M,L,XL"
00779061,"Black#800#XS,S,XL"
01971326,"Aged gold#970#XS,S,M,L,XL"
04387267,"Black#800#S,M"
03152532,"Black#800#XS,S,M,L,XL|Taupe grey#832#XS,S,M,L,XL"
03152536,"Black#800#XS,S,M,L,XL|Ice#805#XL|Anthracite grey#807#XS,S,L,XL|Dark brown#716#XS,S,L"
03067504,"Tans#113#L,XL"
03067402,"Black#800#S,M,L"
03152544,"Dark navy#422#XS,S,M"
01165230,"White#250#S,L"
06962226,"Black#800#XS,S"
05427503,"Black#800#XS,S,L"
00779060,"Grey#802#M,L"
01971229,"Black#800#XS,S"
01416036,Light blue#406#M
03152502,"Chalk pink#626#S,L"
04661528,"Black#800#XS,S,M,L"
08372416,"Mid-grey#809#XS,S,M,L,XL"
05039472,"Leopard#051#S,M"
03918327,"Black#800#S,M,L,XL"
03945420,"Black#800#S,M,L,XL"
03715411,"Black#800#S,M,L,XL"
08281275,"Black#800#S,M,L,XL|Grey#802#M,XL"
00993406,"Dark brown#207#S,M,L,XL"
08491408,"Black#800#S,M,L,XL"
03046349,"Brown#700#S,M,L,XL"
05320406,Beige#710#XL
06985321,"Light grey#811#M,L"
04302536,"Black#800#S,M,L,XL|Navy blue#401#S,M,L"
04302501,"Light khaki#506#S,M,L,XL|Black#800#S,M,L,XL"
03286513,"Black#800#S,L"
08574770,Sand#711#M
06985322,"Black#800#S,M,L,XL"
08281234,"Black#800#S,M,L,XL"
08491400,"Black#800#S,M,L,XL"
02878335,"Green#500#M,L,XL"
01538338,"Black#800#S,L,XL"
07627350,"Blue#400#S,M,L,XL"
03286600,Sand#711#S
01437340,"Navy blue#401#S,L,XL"
03918340,"Black#800#S,M,L,XL|Green#933#S,XL"
08281406,"Light khaki#506#L,XL|Black#800#S,M,L,XL"
01538353,"Beige#710#M,L,XL"
06917311,Black#800#XL
01538213,"Black#800#M,L,XL"
01538373,"Blue#400#S,M,L,XL"
01538384,"Black#800#M,L,XL"
01538332,"Blue#400#M,L,XL"
03046456,"Dark brown#716#M,L"
03286514,"Black#800#S,XL"
06318310,Toffee#745#L
04302400,Light khaki#506#L
05070320,"Taupe grey#832#XL|Black#800#S,M,L,XL"
08281359,"Black#800#S,M,L,XL"
00706335,"Blue#400#S,M,L,XL"
03918630,"Green#500#S,M"
06987403,"Tobacco#705#L|Leopard#051#M|Mid-grey#809#L,XL"
07484476,"Black#800#S,M,L,XL|Khaki#505#S,M,L,XL"
03548400,"Anthracite grey#807#S,M,L,XL|Dark khaki#507#S,M,XL|Green#933#S,M,L,XL"
06629022,Olive green#515#M
07484578,"Black#800#S,M,XL"
07484453,"Black#800#S,M,L,XL"
06756400,"Brown#700#M,L"
01437354,"Black#800#S,M,L,XL"
09802005,"Grey#802#M,L"
09690848,"Dark brown#207#S,M,L,XL"
05070301,Black / Brown#099#L
07446302,"Blue#400#L,XL"
03798516,"Khaki#505#S,M,L,XL"
03798507,"Light green#526#S,M,XL"
05922270,"Navy blue#401#S,M,L,XL"
01063383,"Grey#802#S,M,L,XL"
00706430,"Black#800#M,L|Beige#710#L,XL"
06931261,"Dark grey#922#S,M,L,XL"
00155305,Black#800#XL
01538483,Black#800#L
00706025,"Ecru#712#S,XL"
05698146,"Ecru#712#S,M,L,XL"
09598388,"Black#800#M,L,XL"
06674315,"Navy blue#401#M,XL"
04216309,Khaki#505#XL
04216305,Light blue#406#M
03166310,Grey#802#XL
09240400,"Stone#806#L,XL|Light green#526#XL"
05536341,"Light blue#406#L,XL"
03284404,"Stripes#105#M,L,XL"
05755375,"Green / Blue#518#M|Ecru#712#M,L,XL"
00304301,"Wine#660#M,L,XL|Grey marl#803#M,L,XL|Black#800#S,M,L,XL|Oyster-white#251#S,M,L,XL|Navy blue#401#S,M,L,XL"
02893340,"Olive green#515#M,XL|Black#800#M,L|Taupe grey#832#M,L"
06674314,"Black#800#L,XL|Navy blue#401#L"
03332310,"Ecru#712#M,L,XL|Navy blue#401#L|Grey marl#803#XL"
04216306,"Ecru#712#M,XL"
05536333,"Oyster-white#251#S,M,XL|Cement#825#S,M,L,XL|Black#800#S,M,L,XL"
09598367,"Black#800#S,XL|Grey marl#803#L,XL|Ecru#712#L"
04696300,"Stone#806#L,XL"
03284315,Light green#526#M|Oyster-white#251#M
05536310,"Oyster-white#251#S,M,L,XL|Khaki#505#S,M,XL|Anthracite grey#807#S,M,L,XL|Black#800#S,M,XL"
09598365,"camel#707#M,XL|Anthracite grey#807#M,L,XL"
09598393,"Dark beige#731#S,M,L,XL"
09598372,"Oil#510#S,M"
04092315,"Ecru#712#S,M,L,XL"
04938331,"Chocolate#717#M,XL"
03284304,"Light khaki#506#M,L,XL"
03332303,"Greenish#514#L,XL|Ecru#712#M,XL"
02893344,"Navy blue#401#M,L,XL"
05536339,"Purple#611#L,XL"
02632312,Mustard#305#M
05755363,"Bluish#920#M,L"
01384303,"Light beige#052#M,L,XL"
04696306,"Grey#802#L,XL"
05536309,"Green#500#M,L,XL"
02893304,"Greenish#514#L,XL"
00077303,"Oyster-white#251#M,L,XL"
02893303,"Sea green#982#L,XL"
06674302,"Sand#711#M,L,XL|Cement#825#M,XL"
00304417,"Navy blue#401#S,L|Oyster-white#251#S,M,L|Blue / Steel#431#XL|Light green#526#M,L,XL|Black#800#S,XL"
03284321,"Grey#802#L,XL|Purple#611#L,XL|Navy blue#401#XL"
09598390,"Duck green#538#S,M,L,XL"
03166311,"camel#707#L,XL|Bluish#420#M"
05755351,Burgundy#681#XL
03920360,Pinks#116#XL
02893333,"Grey marl#803#M,L|Tan marl#723#M"
06674318,"Khaki#121#L,XL"
06674310,"camel#707#L,XL"
05755310,"Vanilla#727#M,XL|Light blue#441#M"
05755301,"Black#800#M,L,XL"
05755377,"Navy blue#401#M,L,XL"
01023317,Multicoloured#330#L
07140310,Ecru#712#XL
09598385,Blue#400#L
04805341,Grey#802#M
09598212,"Anthracite grey#807#S,M,L|Blue#407#S,M,XL"
00693331,"Navy blue#401#M,L,XL"
04805334,"Yellow#300#M,L,XL"
03920195,"Grey#802#S,M,L,XL"
09598316,Ecru#712#M
04216308,"camel#704#S,M,XL|Ecru#712#S,M,L,XL|Dark navy#422#S,M,L,XL"
02142360,Black#800#L
04805333,"Anthracite grey#807#M|camel#707#M,L,XL|Wine#660#M,L,XL"
04216307,"Ecru / Black#070#L,XL"
04231426,"Black#800#XL|Petrol blue#409#S|Raspberry#671#M,XL|Brown / Taupe#737#S,M,L,XL|Light grey#811#S,M,L,XL"
00304416,"Sand#711#XL|Charcoal grey#818#L|Oyster-white#251#M,L,XL|Navy blue#401#M,L,XL"
03166316,"Light blue#406#M,L,XL"
06674323,"Ecru#712#M,L,XL"
04938304,Beige#710#M
09598340,"camel#707#M,L,XL"
07140304,Green#500#XL
06674307,Navy blue#401#L
05536326,"Aubergine#610#M,XL"
00693420,"Oyster-white#251#S,M,L,XL|Olive green#515#S,M,L,XL|Navy blue#401#M"
00693300,"Oyster-white#251#S|Black#800#S,M,L"
05755311,"Black#800#L,XL"
00706859,"Light green#526#EU 38 (UK 30),EU 40 (UK 31),EU 42 (UK 32),EU 44 (UK 34)|Black#800#EU 38 (UK 30),EU 40 (UK 31),EU 42 (UK 32),EU 44 (UK 34),EU 46 (UK 36)|Sand#711#EU 38 (UK 30),EU 40 (UK 31),EU 42 (UK 32),EU 44 (UK 34)|Navy blue#401#EU 38 (UK 30),EU 40 (UK 31),EU 42 (UK 32),EU 44 (UK 34),EU 46 (UK 36)"
06786405,"Mid-green#527#EU 40 (UK 31),EU 42 (UK 32)|Tobacco#705#EU 42 (UK 32),EU 44 (UK 34)|Dark grey#922#EU 44 (UK 34),EU 48 (UK 38)|Black#800#EU 40 (UK 31),EU 42 (UK 32),EU 46 (UK 36)|Navy blue#401#EU 38 (UK 30),EU 40 (UK 31),EU 42 (UK 32),EU 46 (UK 36),EU 48 (UK 38)"
06917405,"Navy blue#401#EU 36 (UK 29),EU 38 (UK 30),EU 40 (UK 31),EU 42 (UK 32),EU 44 (UK 34)"
00706880,"Burgundy#606#S,M,L,XL"
06861408,"Vanilla#727#EU 36 (UK 29),EU 38 (UK 30),EU 40 (UK 31),EU 42 (UK 32),EU 44 (UK 34)"
01538330,"Stone#806#EU 36 (UK 29),EU 40 (UK 31),EU 48 (UK 38)"
00706882,"Grey#802#EU 36 (UK 29),EU 40 (UK 31),EU 42 (UK 32),EU 44 (UK 34)"
04302309,"camel#707#EU 36 (UK 29),EU 38 (UK 30),EU 44 (UK 34)"
06652059,"Mid-grey#809#EU 38 (UK 30),EU 42 (UK 32),EU 44 (UK 34),EU 46 (UK 36)"
07380381,"Sand#711#S,M,L,XL"
07147460,"Oyster-white#251#EU 42 (UK 32),EU 44 (UK 34)|Mink#706#EU 36 (UK 29),EU 38 (UK 30),EU 40 (UK 31),EU 44 (UK 34)"
01538395,"Beige#710#S,M,L,XL"
01538390,"Brown#700#EU 38 (UK 30),EU 40 (UK 31),EU 42 (UK 32),EU 44 (UK 34),EU 46 (UK 36)"
01538360,"Dark grey#922#EU 42 (UK 32),EU 46 (UK 36)"
01538380,"Black#800#EU 38 (UK 30),EU 40 (UK 31),EU 42 (UK 32),EU 44 (UK 34),EU 46 (UK 36)"
01538391,"Dark bottle green#532#EU 38 (UK 30),EU 40 (UK 31),EU 42 (UK 32),EU 44 (UK 34),EU 46 (UK 36)"
00761332,"Black#800#S,M,L,XL|Ice#805#S,M,L,XL|Anthracite grey#807#XL|Oyster-white#251#S,M,L,XL|Light pink#644#S,M,L,XL"
05320423,"Black#800#M,L"
07484303,"Beige#710#S,M,L,XL|Black#800#S,M,L,XL|Blue grey#819#S,M,L|Dark khaki#507#S,M,L,XL|Oyster-white#251#XL"
05805623,"Black#800#S,M,L,XL|Light mink#736#S,M,L,XL|Dark khaki#507#S,M,L,XL"
01538372,"Brown#700#S,M|Dark grey#922#S,L,XL|Stone#806#S,M,L,XL|Khaki#505#S,M,L,XL"
04432300,"Ice#805#M,L|Navy blue#401#L,XL|Anthracite grey#807#L"
03798518,"Grey#407#S,M,L,XL"
00347468,"Black#800#S,M,L|Navy blue#401#S,M,L,XL|Grey#802#S,M,L|Olive green#515#S|Ecru#712#XL"
07484380,Dark navy#422#M
03798520,"Grey#401#S,M,L,XL"
06786350,"Black#800#S,M,L,XL|Dark grey#922#S,M|Duck blue#442#S,M|Stone#806#S,M,L,XL|Khaki#505#M,L,XL"
05372323,"Black#800#XL|Beige#710#M,L,XL|Navy blue#401#S,M,L,XL"
09804041,"Grey#802#S,M,L,XL"
09805041,"Brown#700#EU 36 (UK 29),EU 38 (UK 30),EU 40 (UK 31),EU 42 (UK 32),EU 44 (UK 34)"
06416304,"Anthracite grey#807#S,M,L"
03798512,"Ecru#712#S,M"
02675314,Chocolate#717#XL
04840303,Beige#710#XL
07147320,"Navy blue#401#EU 38 (UK 30),EU 40 (UK 31),EU 42 (UK 32)"
02675316,Brown#700#M
07147405,"Oyster-white#251#S,M,L,XL|Black#800#S,M|Beige#710#S"
08574359,"Greyish#826#S,M,XL|Navy blue#401#S,L,XL"
06917360,"Sand#711#S,L|Stone#806#S,M,L,XL|Light khaki#506#S,M,L,XL"
08054315,"Anthracite grey#807#S,M|Beige#710#S"
04087360,"Black#800#S,M,XL"
03284322,"Purple#611#S,M|Grey#802#S,M"
07147301,"Navy blue#401#S,XL"
04432402,"Light beige#052#S,M,L,XL"
03918457,"Black#800#S,M,L,XL"
00108304,"Black#800#EU 36 (UK 29),EU 38 (UK 30),EU 40 (UK 31),EU 42 (UK 32),EU 44 (UK 34)|Stone#806#EU 36 (UK 29),EU 38 (UK 30),EU 40 (UK 31),EU 42 (UK 32),EU 44 (UK 34)|Khaki#505#EU 36 (UK 29),EU 38 (UK 30),EU 40 (UK 31),EU 42 (UK 32)|Dark grey#922#EU 36 (UK 29),EU 38 (UK 30),EU 40 (UK 31),EU 42 (UK 32),EU 44 (UK 34)"
00108460,"Khaki#505#S,M,L|Beige#710#S,XL|Dark grey#922#L,XL"
06917355,"Rust#774#EU 38 (UK 30),EU 42 (UK 32),EU 44 (UK 34),EU 46 (UK 36)"
06917335,"Ecru#712#EU 36 (UK 29),EU 38 (UK 30),EU 40 (UK 31),EU 42 (UK 32)"
01195314,"Black#800#EU 38 (UK 30),EU 40 (UK 31),EU 42 (UK 32)"
00108302,"Black#800#S,M,L,XL|Beige#710#S,M,L,XL|Light khaki#506#S,M,L,XL|Ice#805#S,M,L,XL"
06917322,"Bottle green#501#EU 40 (UK 31),EU 42 (UK 32),EU 44 (UK 34),EU 46 (UK 36)"
04877415,"Brown#700#EU 42 (UK 32),EU 46 (UK 36)"
05520320,"Dark grey#922#EU 38 (UK 30),EU 40 (UK 31),EU 42 (UK 32),EU 44 (UK 34),EU 46 (UK 36)"
00108412,Ice#805#M|camel#707#L
01922117,"Blue#400#EU 36 (UK 29),EU 38 (UK 30),EU 40 (UK 31),EU 42 (UK 32),EU 44 (UK 34),EU 46 (UK 36)"
01564301,"Bluish#420#EU 36 (UK 29),EU 38 (UK 30),EU 40 (UK 31),EU 42 (UK 32),EU 44 (UK 34),EU 46 (UK 36),EU 48 (UK 38)|Navy blue#401#EU 38 (UK 30),EU 40 (UK 31),EU 42 (UK 32),EU 44 (UK 34),EU 46 (UK 36),EU 48 (UK 38)"
05810605,"Black#800#EU 38 (UK 30),EU 40 (UK 31),EU 42 (UK 32),EU 44 (UK 34),EU 46 (UK 36)"
05753707,"Brown#700#EU 40 (UK 31),EU 42 (UK 32),EU 44 (UK 34),EU 46 (UK 36)"
05810254,"Grey#802#EU 38 (UK 30),EU 40 (UK 31),EU 44 (UK 34),EU 46 (UK 36)"
05753418,"Anthracite Grey#801#EU 38 (UK 30),EU 40 (UK 31),EU 42 (UK 32),EU 44 (UK 34),EU 46 (UK 36)"
06932365,"Blue#407#EU 38 (UK 30),EU 40 (UK 31),EU 42 (UK 32),EU 44 (UK 34),EU 46 (UK 36)"
09504885,"Black#800#EU 38 (UK 30),EU 40 (UK 31),EU 42 (UK 32),EU 44 (UK 34),EU 46 (UK 36)"
05683418,Blue#407#EU 46 (UK 36)
04308443,"Light beige#052#EU 38 (UK 30),EU 40 (UK 31),EU 42 (UK 32),EU 44 (UK 34),EU 46 (UK 36)"
05338252,"Stone#806#EU 38 (UK 30),EU 40 (UK 31),EU 42 (UK 32),EU 44 (UK 34),EU 46 (UK 36)"
01564361,"Navy blue#401#EU 38 (UK 30),EU 40 (UK 31),EU 42 (UK 32),EU 44 (UK 34),EU 46 (UK 36)"
05753592,"Mid-blue#427#EU 38 (UK 30),EU 40 (UK 31),EU 42 (UK 32),EU 44 (UK 34),EU 46 (UK 36)"
05753596,"Moss green#502#EU 38 (UK 30),EU 40 (UK 31),EU 42 (UK 32),EU 44 (UK 34),EU 46 (UK 36)"
01564371,"Navy blue#401#EU 40 (UK 31),EU 42 (UK 32),EU 44 (UK 34),EU 46 (UK 36)"
08897675,"Black#800#EU 38 (UK 30),EU 42 (UK 32),EU 44 (UK 34)"
05753885,"Black#800#EU 38 (UK 30),EU 40 (UK 31),EU 42 (UK 32),EU 44 (UK 34),EU 46 (UK 36)"
05833239,"Khaki#505#EU 38 (UK 30),EU 40 (UK 31),EU 42 (UK 32),EU 44 (UK 34),EU 46 (UK 36)"
09621235,"Black#800#EU 38 (UK 30),EU 40 (UK 31),EU 42 (UK 32),EU 44 (UK 34)"
00706260,"Beige#710#EU 40 (UK 31),EU 42 (UK 32),EU 44 (UK 34)|Black#800#EU 38 (UK 30),EU 44 (UK 34)"
08574342,White#250#EU 44 (UK 34)
00706387,Black#800#EU 38 (UK 30)
08281280,"Black#800#M,L,XL"
04877418,"Brown#700#EU 40 (UK 31),EU 46 (UK 36)"
05070402,"Black#800#EU 40 (UK 31)|Grey marl#803#EU 38 (UK 30),EU 40 (UK 31),EU 44 (UK 34),EU 46 (UK 36)"
03798522,"Khaki#505#S,M,L,XL"
03798509,"Khaki#505#S,M,L"
06917345,"Khaki#505#M,XL"
05618762,"camel#707#S,M"
04302474,"White#250#EU 36 (UK 29)|Olive green#515#EU 36 (UK 29),EU 40 (UK 31),EU 42 (UK 32),EU 46 (UK 36)"
02634003,Khaki#505#L|Light beige#052#L
05903569,"Navy blue#401#EU 36 (UK 29),EU 38 (UK 30),EU 40 (UK 31)"
05563211,"Light beige#052#EU 38 (UK 30),EU 40 (UK 31),EU 42 (UK 32),EU 46 (UK 36)"
07147300,Brown#700#XL
01063448,"Light beige#052#EU 36 (UK 29),EU 38 (UK 30),EU 40 (UK 31),EU 42 (UK 32),EU 46 (UK 36)"
05993314,Light beige#052#EU 40 (UK 31)
08727400,"White#250#M,L,XL|Navy blue#401#S,L,XL|Grey#802#S,M,XL|Beige / Green#714#XL"
01887315,"Black#800#S,M,L,XL|Light sand#752#S,M,L,XL|Oyster-white#251#XL|Light blue#441#S,M,L,XL"
06861787,"Sand#711#S,M,L,XL|Ice#805#S"
00761449,"Black#800#S,M,L,XL|Grey marl#803#S,M,L,XL|Light mauve#602#S,M,L,XL|Light blue#406#S,M,L,XL|Beige#710#S,M,L|Butter#725#S,M,L,XL|Oyster-white#251#S,M,L,XL"
08727425,"Stone#806#EU 36 (UK 29),EU 40 (UK 31),EU 42 (UK 32),EU 44 (UK 34),EU 46 (UK 36)|Beige#710#EU 36 (UK 29),EU 38 (UK 30),EU 40 (UK 31),EU 42 (UK 32),EU 44 (UK 34),EU 46 (UK 36)|Black#800#EU 36 (UK 29),EU 42 (UK 32),EU 46 (UK 36)|Green#500#EU 36 (UK 29),EU 38 (UK 30),EU 40 (UK 31),EU 42 (UK 32),EU 44 (UK 34)"
04302449,"Black#800#S,M,L|camel#707#S,M,L,XL|Green#500#S,M,L,XL"
09252400,"Black#800#M,L,XL|camel#707#M,L,XL|Stone#806#M,L,XL|Khaki#505#S,M,L,XL"
01538462,"Blue#407#EU 42 (UK 32)|Light blue#406#EU 42 (UK 32),EU 44 (UK 34),EU 46 (UK 36),EU 48 (UK 38)|Mid-blue#427#EU 48 (UK 38)|Charcoal#822#EU 36 (UK 29),EU 38 (UK 30),EU 42 (UK 32),EU 48 (UK 38)"
00706770,Black#800#M
00108461,"Stone#806#S,L,XL|Black#800#L,XL"
06085341,"Red#600#M,XL"
07545374,"Black#800#S,XL"
05862429,"Black#800#M,L"
06861308,"White#250#EU 38 (UK 30),EU 40 (UK 31),EU 42 (UK 32),EU 44 (UK 34)"
07147311,"Navy blue#401#S,M"
04840342,"Navy blue#401#L,XL"
04923826,"Oyster-white#251#S|Black#800#S,XL"
00108462,"White#250#EU 36 (UK 29),EU 46 (UK 36),EU 48 (UK 38)|Khaki#505#EU 40 (UK 31),EU 46 (UK 36),EU 48 (UK 38)|Black#800#EU 36 (UK 29),EU 48 (UK 38)|Sand#711#EU 36 (UK 29),EU 38 (UK 30),EU 46 (UK 36),EU 48 (UK 38)"
01063408,Taupe grey#832#XL
09794305,"Blue#407#EU 38 (UK 30),EU 40 (UK 31),EU 42 (UK 32),EU 46 (UK 36),EU 48 (UK 38)"
08062305,"Light blue#406#EU 36 (UK 29),EU 38 (UK 30),EU 40 (UK 31),EU 46 (UK 36)"
05575420,"Black#800#EU 38 (UK 30),EU 42 (UK 32),EU 44 (UK 34),EU 46 (UK 36)|Light blue#406#EU 38 (UK 30),EU 42 (UK 32),EU 44 (UK 34),EU 46 (UK 36),EU 48 (UK 38)|Mid-blue#427#EU 42 (UK 32),EU 46 (UK 36)"
05575345,"Blue / Green#445#EU 36 (UK 29),EU 38 (UK 30),EU 40 (UK 31),EU 42 (UK 32),EU 44 (UK 34),EU 46 (UK 36),EU 48 (UK 38)|Black#800#EU 36 (UK 29),EU 38 (UK 30),EU 40 (UK 31),EU 42 (UK 32),EU 44 (UK 34),EU 46 (UK 36),EU 48 (UK 38)|Grey#802#EU 36 (UK 29),EU 38 (UK 30),EU 40 (UK 31),EU 42 (UK 32),EU 44 (UK 34),EU 46 (UK 36),EU 48 (UK 38)|Mid-blue#427#EU 36 (UK 29),EU 38 (UK 30),EU 40 (UK 31),EU 42 (UK 32),EU 44 (UK 34),EU 46 (UK 36),EU 48 (UK 38)|Blue#400#EU 36 (UK 29),EU 38 (UK 30),EU 40 (UK 31),EU 42 (UK 32),EU 44 (UK 34),EU 46 (UK 36),EU 48 (UK 38)|Light blue#406#EU 36 (UK 29),EU 38 (UK 30),EU 40 (UK 31),EU 42 (UK 32),EU 44 (UK 34),EU 46 (UK 36),EU 48 (UK 38)"
00774340,"Black#800#EU 36 (UK 29),EU 38 (UK 30),EU 40 (UK 31),EU 42 (UK 32),EU 44 (UK 34),EU 46 (UK 36),EU 48 (UK 38)|Blue / Green#445#EU 38 (UK 30),EU 40 (UK 31),EU 42 (UK 32),EU 44 (UK 34)"
05575350,Beige#710#EU 38 (UK 30)
06045300,"Mid-blue#427#EU 34 (UK 28),EU 36 (UK 29),EU 38 (UK 30),EU 40 (UK 31),EU 42 (UK 32)"
04470310,"Navy blue#401#EU 36 (UK 29),EU 46 (UK 36),EU 48 (UK 38)"
00774330,Light blue#406#EU 40 (UK 31)
00761330,"Black#800#S,M,L,XL|Anthracite grey#807#M,L,XL|Blue#400#S,M,L,XL|Light pink#644#XL|Oyster-white#251#S,M,L,XL|Ice#805#S,M,L,XL|Green#500#S,M,L,XL"
06224875,"Dark anthracite#898#S,L,XL"
00962290,Dark green#529#S
06224876,"Blue#400#S,L"
06224811,Dark anthracite#898#S
03665333,Ecru#712#L
06224393,"Black#800#M,L,XL"
00962817,Dark anthracite#898#L
00761328,"Grey marl#803#S,M,L,XL"
04087390,"Ecru#712#S,M,XL"
04442334,Burgundy#605#XL
02878306,"Dark green#529#S,XL"
04087373,"Light blue#406#S,M,XL"
04087374,"Brown#700#S,M,XL"
04087375,"camel#707#M,L"
06224367,Black#800#M
00526322,Navy blue#401#M
06462333,"Oyster-white#251#S,M,L,XL|Black#800#S,L,XL|Navy blue#401#S,M,L,XL|Wine#660#S|Mid-grey#809#S|Bone#779#L|Blue grey#819#M"
04092316,"Dark green#529#L,XL"
03443330,"Light green#912#S,M,L,XL|Oyster-white#251#S,M,L,XL|Black#800#S,M,L|Blue#407#S,M,L,XL"
06224878,"White#250#S,M,L,XL"
06224882,Dark brown#716#XL
00962370,"Purple#611#S,M,L,XL|Light khaki#506#S,M,L|Black#800#S,L,XL|Ecru#712#S,M,L,XL"
00962291,"Ecru#712#L,XL"
06224877,"Brown#700#M,L,XL"
01165392,"Ecru#712#S,M,L,XL"
06224897,"Anthracite grey#807#S,XL"
03992388,"Lime#520#S,M,L,XL"
03665325,Black#800#XL
06224346,"Pink#926#S,M,L,XL"
00761312,"Reddish#609#S,M,XL"
06224353,Black#800#S
04087325,"Ecru#712#S,L,XL"
06224368,"White#250#M,L,XL"
06224322,"Red#600#M,L"
04087366,"Dark green#529#S,M,L,XL"
06224369,"Grey#802#S,M,L,XL"
05372322,"Beige#710#S,M,XL|Navy blue#401#S,M,L,XL|Black#800#S,M,L"
00722345,"Ecru#712#S,M,XL"
01165321,Black#800#S
03992399,"Vanilla#727#S,M,L,XL"
00761346,"Ecru#712#M,L,XL"
06224380,"Grey marl#803#M,L,XL"
00962815,"Red#600#S,M,L,XL"
00722339,"Oyster-white#251#S,XL"
04087339,"camel#707#S,M,L,XL"
06224363,"Sky blue#403#M,L,XL"
00526313,"Green#500#S,M,L,XL"
08054309,"Oyster-white#251#L,XL"
04087336,"Ecru#712#S,M,L,XL"
01165312,"Oyster-white#251#S,L,XL"
04087471,"Dark anthracite#898#M,L,XL"
06224335,Ecru#712#S
00526320,"Ecru / Navy#066#S,M,L,XL|Blue / Navy#073#S,M,L,XL|Dark green#529#S,M,L,XL|Navy blue#401#S,M,L,XL"
06224879,"Oyster-white#251#S,M,L,XL"
01165325,"Navy blue#401#S,M,L,XL"
04087318,"Red#600#M,L,XL"
01165324,"Grey marl#803#S,M,L,XL"
05584414,"Green#500#S,M,L,XL|Navy blue#401#S,M,XL|White#250#S,M,L,XL|Black#800#S,M,L"
01887309,"Black / Brown#099#S,M,L,XL"
00526323,"Black / Green#031#S,M,L,XL|Dark green#529#S,M,L,XL|Oyster-white#251#S,M,L,XL"
06462315,"Oyster-white#251#M,L,XL|Green marl#524#XL"
05584360,"Charcoal grey#818#S,M,L,XL|White#250#S,L,XL|Black#800#S,M,L,XL|Blue#400#S,M,L,XL|Brown / Taupe#737#S,M"
00962380,Black#800#M
05372315,Cream#733#M
04092314,"Ecru#712#S,L"
04087376,"Anthracite Grey#801#S,M,L,XL"
06462311,"Ecru#712#S,M,L,XL"
04333305,"Ecru#712#M,L,XL"
04442316,"Navy blue#401#S,M,L,XL"
00881339,"Ecru#712#S,M,L,XL"
01887308,"White / Navy#060#S,M,L,XL"
01887304,"Ecru / Blue#080#S,M,L,XL"
00526350,"Oyster-white#251#S,M,L,XL|Black#800#S,M,L,XL|Blue / Grey#485#S,M,L,XL"
06462303,"Grey marl#803#S,M,L,XL"
06224352,Oyster-white#251#L
04231302,"Black#800#S,M,L,XL"
03665335,"White#250#S,L|Black#800#S,M,L"
05584361,"White#250#S,M,L,XL|Black#800#S,M,XL|Greyish#826#S,M,L,XL|Navy blue#401#S,M,L,XL|Khaki#505#M,L,XL|Pale pink#622#S,M,L,XL|Wine#660#S,M,XL|Pearl grey#804#L,XL"
00881338,"Black#800#S,M,L,XL"
05584441,"White#250#S,M,L,XL|Black#800#S,M,L,XL"
00881328,"Purple#611#S,M,L,XL"
05644366,"Black#800#S,M,L,XL|White#250#S,M,L,XL|Grey marl#803#S,M,L,XL"
00679310,"White#250#S,M,L|Black#800#S,L|Grey marl#803#S,M,L,XL"
01887470,"White#250#S,M,XL|Black#800#S,M,XL|Blue#407#S,L,XL|Greenish#514#S,M,L,XL|Light blue#406#S,XL|Light tan#708#S,XL"
00761825,"Anthracite Grey#801#S,M,L,XL|Blue grey#819#S,M,L,XL|Oyster-white#251#S,M,L,XL|Taupe grey#832#S,M,L,XL"
04092418,"Oyster-white#251#M,XL|Dark brown#716#S,M,L,XL|Black#800#S,M,L,XL"
04087321,"camel#707#S,M,L,XL|Anthracite grey#807#S,M,XL|Ecru#712#S,M,L"
00761321,"Pearl grey#804#L,XL"
05644352,"White#250#S,M,L,XL"
00761322,"Oyster-white#251#S,M,XL"
04087335,"Sky blue#403#S,M,L,XL"
01887450,"White#250#S,M,L,XL|Black#800#S,M,L,XL"
03992378,"Greenish#514#S,M,L,XL"
04442315,"Oyster-white#251#S,M,L,XL"
05644331,"Sea green#512#S,M,L,XL"
00526315,"Ecru / Brown#086#S,L,XL"
01887302,"Oyster-white#251#M,L,XL"
03992325,"Sky blue#403#M,L,XL"
00761302,Oyster-white#251#XL|camel#707#XL
05644304,Ecru#712#M
04231550,Ecru#712#S
00761448,"Black#800#S,XL|Oyster-white#251#S,M,L,XL"
05372350,"Ochre#703#S,M,L"
01887310,"Oyster-white#251#S,M,L,XL|Light sand#752#S,M,L,XL|Black#800#S|Light blue#441#M,L,XL"
05584362,"Black#800#S,M,L,XL|White#250#S,M,L,XL"
04092410,"Light grey#811#S,M,L,XL|Black#800#S,M,L,XL|Oyster-white#251#S,M,L,XL|Mid-green#527#S,XL"
06462402,"Black#800#L,XL|Oyster-white#251#M,L,XL|Light grey#811#S,M,L,XL"
00526450,"Sand#711#S,L,XL|Ecru#712#XL|Dark brown#716#S,M,XL"
05644308,"White#250#S,M,L,XL"
04047476,"White#250#S,M,L,XL|Navy blue#401#S,M,L,XL|Black#800#S,M,L,XL"
01063407,"Bluish#420#S|White#250#M,L,XL|Light beige#052#S,M,L,XL|Sea green#512#S,M,L,XL|Sky blue#403#S,L,XL"
07200103,"Light khaki#506#S,M,L"
01063317,"Ash#821#S,M,L,XL|White / Sky blue#058#S,M,L,XL|White / Navy#060#S,M,L,XL|White#250#S,M,L,XL|Sky blue#403#S,M,L,XL"
05588320,"White#250#S,M,L,XL|Light sky blue#437#S,M,L,XL|striped#104#S,M,L,XL|Sky blue#403#S,M,L,XL"
00794101,"Black#800#L,XL"
08281282,"Midnight blue#490#S,M,L,XL|Oyster-white#251#S,M,L,XL|Black#800#S,M,L,XL"
01618402,White#250#L
00975846,"Dark green#529#S,M,L,XL|Stripes#105#S,M,L,XL"
06571010,"White#250#M,L,XL"
06571952,"Light beige#052#S,M"
01034306,"Grey#802#S,M,L,XL"
02548404,"Khaki#505#S,M,L,XL|Black#800#S,M,L,XL|Oyster-white#251#S,M,L,XL|Grey#802#S,M,L,XL"
07545710,"Black#800#S,M,L,XL|White#250#S,M,L,XL|Sky blue#403#S,M,L,XL|Green#500#M|Light beige#721#M"
03090420,"Printed#020#S,M,XL|White#250#S,M,L,XL"
01063402,"Navy blue#401#M|Light beige#052#S,M,L,XL|White#250#M,L,XL"
07545475,"Black#800#S,M|Ecru#712#S,M,L"
06605400,"Black#800#S,M,XL"
09594081,"Black#800#S,M,L,XL|Sand#711#S,M,L,XL"
07545345,"Black#800#M,L,XL"
00975501,"Oyster-white#251#S,M,L,XL|Stripes#105#S,M,L,XL|Green#500#S,M,L,XL|striped#104#S,M,L,XL"
04048855,"striped#104#S,M,L,XL"
04048852,"Sky blue#403#S,M,XL"
07446335,"Ecru#712#S,M,L,XL"
04061856,"White#250#S,M,L,XL"
06784378,"Brown#700#S,M,L,XL"
07545354,"Khaki#505#S,M,L,XL"
02548520,"camel#704#M,XL"
06998321,"Oyster-white#251#S,M,L,XL"
07446306,"Sky blue#403#S,M,L,XL"
05679186,"Green#500#S,M,L,XL"
05679457,"Blue#400#S,L,XL"
07545126,"Oyster-white#251#S,M,L,XL"
04166400,"White#250#S,M,L,XL"
05588454,"Oyster-white#251#S,M,L,XL"
06777597,"Navy blue#401#S,M,L,XL"
06638851,"Grey#802#S,M,L,XL"
02688839,"Oyster-white#251#S,M,L,XL"
07200502,Lime#520#L
06085397,"Oyster-white#251#S,M,L,XL"
01063311,"Greenish#514#S,M,L,XL"
05588271,"White#250#S,M,L,XL"
06464730,"White#250#S,M,L,XL"
00975370,"Dark navy#422#M,L,XL"
06048300,"Ecru#712#S,M,L,XL"
01437330,Grey#802#M
06103360,"Sky blue#436#L,XL"
05588262,Black#800#XL
01195302,"Brick#701#S,M,XL"
02688301,"Anthracite grey#807#M|Faded blue#428#XL|Khaki#505#L,XL"
01063380,Light beige#052#L
04408147,"Black#800#S,M,L,XL|Bottle green#501#M|White#250#S,M,L,XL"
05749100,"Lime#520#S,M,L,XL"
07545324,"Brown#700#S,M,L,XL|Navy blue#401#S,M,L,XL|Oyster-white#251#S,M"
07545323,"Khaki#505#M,L"
04201570,"White#250#S|Navy blue#401#L,XL|Black#800#M"
01618475,"Black#800#S,M,L,XL"
03090200,"Light beige#052#M,L"
06103401,"Dark grey#922#S,M,L,XL|Sky blue#403#S,M,L,XL"
07545120,"Oyster-white#251#L,XL|Black#800#S,M,L,XL"
02688390,"Sky blue#403#S,M,L,XL|Sand#711#S"
02548324,"Ecru#712#M,L,XL"
05575134,"White#250#S,M,L,XL"
05637545,Light blue#406#L
05973539,Sky blue#403#M
02328301,"Black#800#L,XL"
01063404,Sky blue#403#XL
05746169,"Beige#710#S,M,L,XL|Sea green#982#L,XL"
07545471,"Ecru#712#S,M,XL"
06085418,Dark green#529#M
02092290,"White#250#S,M,L,XL"
03090430,White#250#L
02092291,"White#250#S,M,L,XL|Sky blue#403#S,M,L,XL"
07545440,"White#250#S,M,L,XL|Black#800#S,M,L,XL"
01063409,"Beige#710#S,M,L"
06103402,"White#250#S,M,L,XL"
03090470,"Blue green#903#S,M,L,XL|Light green#912#S,L,XL|Navy blue#401#S,L,XL|Light beige#052#S,M|White#250#S,M,XL"
01063406,"Taupe grey#832#M,L,XL"
07545295,"Navy blue#401#S,M,L,XL"
05637234,Stripes#105#L
07545104,"White#250#S,M,L,XL"
07545296,"White#250#S,M,L,XL"
07545294,"Navy blue#401#S,M,L,XL"
05637236,"striped#104#S,M,L,XL"
05637931,"Sky blue#403#S,M,L,XL"
05973926,"striped#104#L,XL"
05637915,"Stripes#105#S,M,XL"
05637537,Stripes#105#M
07545100,"Black#800#S,M,L,XL"
07545106,"Black#800#S,M,L,XL"
07545202,"Ecru / Black#070#S,M,L,XL"
07545203,"Printed#020#S,M,L"
07545146,"striped#104#S,M"
07545145,"Black#800#S,M,XL"
07446305,"Red#600#M,L|Pearl grey#804#L|Bluish#920#S,M,L,XL"
07200501,"Ecru#712#M,L,XL"
05802570,"Blue#400#S,M,L,XL"
01063340,"Blue#400#XL|Beige#710#M|Black#800#S,M,L,XL"
06636978,"Grey#802#S,M,L,XL"
05679303,"Beige#710#S,M,L,XL"
02688308,"Grey / Tan#102#S,M,L,XL"
06085321,"Black / White#064#S,M"
01034110,"Purple#611#S,M,L,XL"
05679181,"Indigo#405#L,XL"
05679454,"Brown#700#M,L,XL"
07545312,"Light blue#406#S,M,L,XL"
06617534,"Black / White#064#S,M,L,XL"
06864186,"Brown#700#S,M,L"
02688307,"Black / Brown#099#S,M,L,XL"
06085383,Purple#611#L
01063344,"Brown#700#S,M,XL"
07446304,"Mauve#612#M,L,XL"
06085320,"Green / Blue#518#S,M,L,XL"
06656010,"White#250#S,M,L,XL"
04113035,"Black / Ecru#093#S,M,L,XL"
03798114,"Oil#510#S,M,L,XL"
05679304,"Ecru#712#L,XL"
06523035,"Black / White#064#S,M,L,XL"
05679353,"Anthracite Grey#801#M,L,XL"
07545339,"Blue#400#S,M,L"
07545338,"Black#800#S,M,L"
04090320,"Green#500#S,M,L,XL"
06523506,"Khaki#505#S,M,L,XL"
05679354,"Ecru / Brown#086#S,M,L,XL"
07545444,"Greenish#514#S,M,L"
07446320,"camel#707#L,XL"
01034307,Oyster-white#251#L
06085384,"Black / White#064#S,M,L,XL"
06085361,"Black / White#064#M,L,XL"
07545335,"Light green#526#M,L"
06321579,"Blue/White#044#S,M,L,XL"
02688360,"Sea green#512#S,M"
04840305,"Navy blue#401#S,M,L,XL"
01193337,"Oyster-white#251#S,M,L,XL"
00881309,Oyster-white#251#XL
06618041,"Brown#700#S,L,XL"
05639411,"White / Sky blue#058#L|navy#481#S,M,L,XL"
00399300,"White#250#S,M,L,XL"
05679329,"Ecru#712#S,M,L,XL"
07545329,"Sand#711#S,M,L,XL"
06466037,"Ecru#712#S,M,L,XL"
04118503,"Black#800#S,M,L,XL"
01063397,"White#250#S,M,L,XL"
07446301,"Ecru#712#S,XL"
06917333,"Green#500#S,M,L,XL"
03458331,"Sand#711#S,M,L,XL"
03268310,"Khaki#505#S,L,XL"
00794100,"Sand#711#S,M,L,XL"
05638178,Navys / Ecrus#108#XL
05639410,"Ecru#712#S,L,XL|Navy blue#401#S,M,L,XL|Green / Ecru#098#M,L,XL"
06523078,"Black#800#S,M,L,XL|Anthracite Grey#801#S,M,XL|Ecru#712#S,M,L,XL"
02548576,"Blue#400#M,L|Ecru#712#S,M,L,XL|Black#800#XL"
05638410,"Ecru / Beige#075#S,M,XL"
05606048,"Black / White#084#S,M,L,XL"
07147308,"Light beige#052#M,L"
02688306,striped#104#L
06987360,Brown / Taupe#737#M
06987340,"Mid-blue#427#S,M,L,XL|Khaki#505#S,M,L,XL|Black#800#S,M,L,XL"
05372311,"Ecru#712#L,XL"
00526327,"striped#104#S,M,XL"
00526318,"Ecru / Brown#086#M,XL"
04087307,"washed green#519#S,M,XL"
05372306,Ecru / Navy#066#XL
04092307,"brown/white#017#S,M,L,XL"
04087385,"Black#800#S,M,L,XL|Red#600#S,M,L,XL"
03665312,"Ecru / Green#069#S,M,L"
04087340,"Green / Ecru#098#S,M|Navy blue#401#S,M,L,XL|Green#500#S,M,L,XL"
04092302,Ochre#703#S|Light brown#730#S|Ecru#712#XL
04092306,"Dark grey#922#S,M,L,XL"
04092301,Oyster-white#251#XL|Black#800#XL
00526410,"Light tan#708#L,XL|Aubergine#610#L,XL|Sky blue#403#L|Oyster-white#251#S,M,L|Black#800#S,M,L,XL"
01887460,"Navy blue#401#M,L,XL|Oyster-white#251#S,M,L,XL|Light green#526#S|Black#800#S,M,L,XL"
05372309,"Ecru#712#S,L"
02795437,Mid-blue#427#L
04087308,"Black#800#S,XL|Bottle green#501#S,XL|Ecru#712#S,M,L,XL|Navy blue#401#L,XL"
06861396,"Black#800#S,M,L,XL|Light mink#736#S,M,L,XL|Grey#802#S,M,L,XL"
00526328,"Navy blue#401#S,M,XL"
06462306,"Dark brown#716#M,L|Ecru#712#S,M,L,XL|Navy blue#401#S,M,L"
05372324,"Brown#700#S,M,L,XL"
00526319,Brown#700#XL
09240315,"Ecru#712#XL|Light blue#406#XL|Grey#802#S,L,XL"
09240311,"Faded blue#428#S,M"
03665322,"Blue#400#M,L"
06462310,"Light tan#708#M,L,XL|Blue#407#S,M,XL|Grey#802#S"
